Number,Gender,NameSet,Title,GivenName,MiddleInitial,Surname,StreetAddress,City,State,StateFull,ZipCode,Country,CountryFull,EmailAddress,Username,Password,BrowserUserAgent,TelephoneNumber,TelephoneCountryCode,MothersMaiden,Birthday,TropicalZodiac,CCType,CCNumber,CVV2,CCExpires,NationalID,UPS,WesternUnionMTCN,MoneyGramMTCN,Color,Occupation,Company,Vehicle,Domain,BloodType,Pounds,Kilograms,FeetInches,Centimeters,Latitude,Longitude
1,female,French,Mrs.,Roxanne,G,Garreau,"4 rue du Général Ailleret","LE TAMPON",GY,Guyane,97430,FR,France,RoxanneGarreau@dayrep.com,Suchibiant,zoit4Hieb,"Mozilla/5.0 (Windows NT 6.1) AppleWebKit/537.36 (KHTML, like Gecko) Chrome/47.0.2526.80 Safari/537.36",02.03.41.33.71,33,Voisine,8/30/1940,Virgo,Visa,4532650833355085,962,12/2019,"2400809317251 92","1Z 997 251 04 6318 595 1",3320342367,62648496,Purple,"Passenger service agent","Master Builder Design Services","2004 Mercedes-Benz C",MexicanRoofing.fr,O+,213.4,97.0,"5' 5""",164,45.751263,3.09124
2,male,French,Mr.,Joseph,C,Richard,"68 rue du Faubourg National",THIAIS,IL,Île-de-France,94320,FR,France,JosephRichard@armyspy.com,Theiren,Ne9oi8eicee,"Mozilla/5.0 (Windows NT 10.0; WOW64) AppleWebKit/537.36 (KHTML, like Gecko) Chrome/47.0.2526.106 Safari/537.36",01.58.58.39.50,33,Perrault,7/29/1989,Leo,MasterCard,5315456661983356,487,7/2019,"1890786759638 41","1Z 4A9 V88 34 5729 726 4",6753797205,87466181,Black,"Language pathologist","Peter Reeves","2004 Ferrari 575M Maranello",CheatCourse.fr,AB+,216.0,98.2,"5' 7""",171,48.721462,2.321479
3,female,French,Mrs.,Melusina,R,Cuillerier,"81 Boulevard de Normandie",FONTENAY-SOUS-BOIS,IL,Île-de-France,94120,FR,France,MelusinaCuillerier@einrot.com,Winiter66,aGh9ujuoY,"Mozilla/5.0 (Windows NT 6.1; WOW64) AppleWebKit/537.36 (KHTML, like Gecko) Chrome/46.0.2490.86 Safari/537.36",01.39.85.49.31,33,Compagnon,9/11/1966,Virgo,Visa,4485886808890212,305,5/2021,"2660915802901 59","1Z 2E0 3A1 44 2845 706 9",7597954282,16786680,Green,"Personnel recruiter","Brand Names","2011 Koenigsegg CCXR",CardPartnership.fr,A-,175.8,79.9,"5' 4""",163,48.815641,2.442996
4,female,French,Ms.,Phillipa,O,Dostie,"33 rue Charles Corbeau",FÉCAMP,HN,Haute-Normandie,76400,FR,France,PhillipaDostie@rhyta.com,Jectieut,Oogh6Yee,"Mozilla/5.0 (X11; Linux x86_64) AppleWebKit/537.36 (KHTML, like Gecko) Chrome/46.0.2490.86 Safari/537.36",02.08.31.68.09,33,Trudeau,11/14/1939,Scorpio,Visa,4716696402082442,369,10/2017,"2391192180480 83","1Z 119 A49 96 6896 040 5",2838271274,13136732,Black,"Construction equipment technician","Accord Investments","1994 BMW 520",ClimbingJackets.fr,O+,207.2,94.2,"5' 0""",152,49.742535,0.43615
5,female,French,Ms.,Blondelle,A,Ayot,"12 Rue Frédéric Chopin",VESOUL,FC,Franche-Comté,70000,FR,France,BlondelleAyot@teleworm.us,Ainal1956,oY8yoh7ae,"Mozilla/5.0 (Windows NT 10.0; WOW64) AppleWebKit/537.36 (KHTML, like Gecko) Chrome/47.0.2526.80 Safari/537.36",03.40.73.27.75,33,Arcouet,8/1/1956,Leo,MasterCard,5307987826156546,886,2/2018,"2560869642522 83","1Z A42 779 42 2348 757 2",9914506501,17414374,Silver,"Metal-refining furnace operator","Atlas Realty","2000 Ford Galaxy",CoolingJackets.fr,A+,133.3,60.6,"5' 4""",163,47.594277,6.099707
6,male,French,Mr.,Noël,P,Savard,"85 boulevard de Prague",NOISY-LE-GRAND,IL,Île-de-France,93160,FR,France,NoelSavard@cuvox.de,Begge2001,ahphi4GoRo,"Mozilla/5.0 (Windows NT 10.0; WOW64) AppleWebKit/537.36 (KHTML, like Gecko) Chrome/47.0.2526.106 Safari/537.36",01.64.46.83.06,33,Chaussée,12/13/2001,Sagittarius,Visa,4556066786387192,156,9/2019,"1011248566777 52","1Z 388 7E1 54 7805 467 5",1899125976,15994356,Blue,"Safety inspector",Acuserv,"2007 Alfa Romeo Crosswagon",PaymentSearch.fr,B+,117.0,53.2,"5' 9""",176,48.912024,2.528964
7,female,French,Ms.,Eglantine,G,Querry,"88 boulevard Aristide Briand","LE CANNET",PA,"Provence-Alpes-Côte d'Azur",06110,FR,France,EglantineQuerry@rhyta.com,Hisomfour,uxia8Chujoo,"Mozilla/5.0 (Macintosh; Intel Mac OS X 10_11_2) AppleWebKit/537.36 (KHTML, like Gecko) Chrome/47.0.2526.106 Safari/537.36",04.00.05.54.84,33,Tollmache,3/20/1962,Pisces,Visa,4539283650708864,163,2/2018,"2620395946353 47","1Z 4E9 601 95 5590 269 9",0151119902,45260314,Blue,"Tile finisher","Better Business Ideas and Services","1999 Dodge Durango",HollywoodBoard.fr,A+,172.7,78.5,"5' 9""",174,43.479276,6.940086
8,female,French,Dr.,Hedvige,D,Croteau,"71 rue du Gue Jacquet",CHÂTILLON,IL,Île-de-France,92320,FR,France,HedvigeCroteau@dayrep.com,Favind36,Dahngoy6Yu,"Mozilla/5.0 (Macintosh; Intel Mac OS X 10_10_5) AppleWebKit/537.36 (KHTML, like Gecko) Chrome/46.0.2490.86 Safari/537.36",01.55.71.66.39,33,Dennis,12/31/1936,Capricorn,MasterCard,5250701271342981,399,6/2017,"2361283035689 71","1Z 8V6 450 00 7153 421 6",6383227682,59109780,Purple,"Sound engineering technician","Sunny's Surplus","1999 De Tomaso Guara",MobileMusical.fr,B+,136.4,62.0,"5' 5""",164,48.804709,2.388093
9,female,French,Mrs.,Blondelle,C,Lapointe,"14 rue des lieutemants Thomazo",DOLE,FC,Franche-Comté,39100,FR,France,BlondelleLapointe@teleworm.us,Deput1974,aGh6Ij4yei,"Mozilla/5.0 (Windows NT 6.1; WOW64; Trident/7.0; rv:11.0) like Gecko",03.98.48.80.78,33,Chaloux,5/23/1974,Gemini,MasterCard,5541968545848197,134,9/2017,"2740550263166 43","1Z 993 196 12 0555 489 7",3271856033,70888464,Red,"Institution and cafeteria cook","Creative Wealth","1997 Ford Thunderbird",AirPriority.fr,O+,231.7,105.3,"5' 2""",157,46.934376,5.392671
10,male,French,Mr.,Tyson,V,Picard,"41 cours Jean Jaures",BORDEAUX,AQ,Aquitaine,33300,FR,France,TysonPicard@fleckens.hu,Ariestabox70,een9ohShe5a,"Mozilla/5.0 (Macintosh; Intel Mac OS X 10_11) AppleWebKit/601.1.56 (KHTML, like Gecko) Version/9.0 Safari/601.1.56",05.70.49.75.46,33,Lépicier,11/12/1970,Scorpio,Visa,4916103963178568,253,6/2020,"1701132690047 14","1Z 548 831 89 2678 941 4",9219508944,04349597,Red,"Concrete finisher","York Steak House","2003 Proton Juara",BanquetSearch.fr,A+,188.3,85.6,"6' 2""",189,44.912378,-0.656765
11,male,French,Mr.,Granville,V,Vertefeuille,"76 rue du Fossé des Tanneurs",TOULON,PA,"Provence-Alpes-Côte d'Azur",83000,FR,France,GranvilleVertefeuille@superrito.com,Tist1983,EeGh2Uet,"Mozilla/5.0 (Windows NT 10.0; WOW64) AppleWebKit/537.36 (KHTML, like Gecko) Chrome/47.0.2526.80 Safari/537.36",04.12.42.63.01,33,Rocheleau,7/22/1983,Cancer,MasterCard,5442377081429786,293,3/2020,"1830776875142 46","1Z 864 962 20 7283 859 8",6550269233,27255989,Blue,"Government auditor","Sears Homelife","1993 Peugeot 205",GeoSpecials.fr,A-,158.4,72.0,"5' 9""",174,43.184767,5.856219
12,female,French,Ms.,Oriel,M,Ayot,"5 rue Marguerite",VIRY-CHÂTILLON,IL,Île-de-France,91170,FR,France,OrielAyot@rhyta.com,Yousty,koac0ieWi5,"Mozilla/5.0 (Windows NT 10.0; WOW64) AppleWebKit/537.36 (KHTML, like Gecko) Chrome/47.0.2526.106 Safari/537.36",01.29.97.69.18,33,Houde,7/29/1980,Leo,MasterCard,5551781297657261,626,10/2017,"2800762388267 68","1Z 906 597 45 2033 845 0",2165326052,33882889,Green,"Wastewater treatment plant and system operator","Record & Tape Outlet","2015 Ford Explorer",FindLeather.fr,O+,200.4,91.1,"5' 2""",157,48.597898,2.415867
